{
  "metadata" : {
    "realm" : "/",
    "amsterVersion" : "6.0.0-SNAPSHOT",
    "entityType" : "ZeroPageLoginCollector",
    "entityId" : "70052da0-ef9e-4767-b27e-df831189c9f0",
    "pathParams" : { }
  },
  "data" : {
    "_id" : "70052da0-ef9e-4767-b27e-df831189c9f0",
    "usernameHeader" : "X-OpenAM-Username",
    "referrerWhiteList" : [ ],
    "allowWithoutReferer" : true,
    "passwordHeader" : "X-OpenAM-Password",
    "_type" : {
      "_id" : "ZeroPageLoginNode",
      "name" : "Zero Page Login Collector",
      "collection" : true
    }
  }
}