{
  "metadata" : {
    "realm" : "/",
    "amsterVersion" : "6.0.0-SNAPSHOT",
    "entityType" : "Policies",
    "entityId" : "delegation",
    "pathParams" : { }
  },
  "data" : {
    "_id" : "delegation",
    "name" : "delegation",
    "active" : true,
    "description" : "",
    "resources" : [ "mayact" ],
    "applicationName" : "delegation_policies",
    "actionValues" : {
      "GRANT" : true
    },
    "subject" : {
      "type" : "AuthenticatedUsers"
    },
    "resourceTypeUuid" : "d60b7a71-1dc6-44a5-8e48-e4b9d92dee8b",
    "resourceAttributes" : [ {
      "type" : "Static",
      "propertyName" : "aud",
      "propertyValues" : [ "some" ]
    }, {
      "type" : "Static",
      "propertyName" : "scp",
      "propertyValues" : [ "read" ]
    } ],
    "lastModifiedBy" : "id=amadmin,ou=user,dc=openam,dc=forgerock,dc=org",
    "lastModifiedDate" : "2018-04-09T20:22:46.950Z",
    "createdBy" : "id=amadmin,ou=user,dc=openam,dc=forgerock,dc=org",
    "creationDate" : "2018-04-06T15:54:54.811Z"
  }
}