{
  "metadata" : {
    "realm" : "/",
    "amsterVersion" : "6.0.0-SNAPSHOT",
    "entityType" : "Policies",
    "entityId" : "Microservices-Scopes-Claims",
    "pathParams" : { }
  },
  "data" : {
    "_id" : "Microservices-Scopes-Claims",
    "name" : "Microservices-Scopes-Claims",
    "active" : true,
    "description" : "",
    "resources" : [ "cn" ],
    "applicationName" : "oauth2Scopes",
    "actionValues" : {
      "GRANT" : true
    },
    "subject" : {
      "type" : "AuthenticatedUsers"
    },
    "resourceTypeUuid" : "d60b7a71-1dc6-44a5-8e48-e4b9d92dee8b",
    "resourceAttributes" : [ {
      "type" : "User",
      "propertyName" : "mail",
      "propertyValues" : [ ]
    }, {
      "type" : "Static",
      "propertyName" : "may_act",
      "propertyValues" : [ "user.1" ]
    } ],
    "lastModifiedBy" : "id=amadmin,ou=user,dc=openam,dc=forgerock,dc=org",
    "lastModifiedDate" : "2018-03-30T00:58:14.414Z",
    "createdBy" : "id=amadmin,ou=user,dc=openam,dc=forgerock,dc=org",
    "creationDate" : "2018-03-30T00:28:15.173Z"
  }
}