{
  "metadata" : {
    "realm" : "/",
    "amsterVersion" : "6.0.0-SNAPSHOT",
    "entityType" : "Policies",
    "entityId" : "OAuth2ProviderPolicy",
    "pathParams" : { }
  },
  "data" : {
    "_id" : "OAuth2ProviderPolicy",
    "name" : "OAuth2ProviderPolicy",
    "active" : true,
    "description" : "",
    "resources" : [ "http://localhost:8080/openam/oauth2/authorize?*" ],
    "applicationName" : "OAuth2",
    "actionValues" : {
      "POST" : true,
      "GET" : true
    },
    "subject" : {
      "type" : "AuthenticatedUsers"
    },
    "resourceTypeUuid" : "735e788d-1e0b-43ac-8245-e6d3a52bb9a7",
    "lastModifiedBy" : "id=dsameuser,ou=user,dc=openam,dc=forgerock,dc=org",
    "lastModifiedDate" : "2017-09-11T20:45:41.846Z",
    "createdBy" : "id=dsameuser,ou=user,dc=openam,dc=forgerock,dc=org",
    "creationDate" : "2017-09-11T20:45:41.846Z"
  }
}