{
  "metadata" : {
    "realm" : "/",
    "amsterVersion" : "6.0.0-SNAPSHOT",
    "entityType" : "Policies",
    "entityId" : "resource_policies",
    "pathParams" : { }
  },
  "data" : {
    "_id" : "resource_policies",
    "name" : "resource_policies",
    "active" : true,
    "description" : "",
    "resources" : [ "http://images.example.com:*/*" ],
    "applicationName" : "resource_policies",
    "actionValues" : {
      "GET" : true
    },
    "subject" : {
      "type" : "JwtClaim",
      "claimName" : "iss",
      "claimValue" : "http://localhost:8080/openam/oauth2"
    },
    "condition" : {
      "type" : "Script",
      "scriptId" : "64978282-17e2-46f6-9c60-9143ef47e2a7"
    },
    "resourceTypeUuid" : "76656a38-5f8e-401b-83aa-4ccb74ce88d2",
    "resourceAttributes" : [ {
      "type" : "Static",
      "propertyName" : "aud",
      "propertyValues" : [ "example.com" ]
    }, {
      "type" : "Static",
      "propertyName" : "may_actors",
      "propertyValues" : [ "user.2", "user.1", "user.3" ]
    }, {
      "type" : "Static",
      "propertyName" : "scp",
      "propertyValues" : [ "read", "scope1", "scope2", "write" ]
    } ],
    "lastModifiedBy" : "id=amadmin,ou=user,dc=openam,dc=forgerock,dc=org",
    "lastModifiedDate" : "2018-04-13T18:27:49.69Z",
    "createdBy" : "id=amadmin,ou=user,dc=openam,dc=forgerock,dc=org",
    "creationDate" : "2017-09-13T18:01:43.728Z"
  }
}