{
  "metadata" : {
    "realm" : "/",
    "amsterVersion" : "6.0.0-SNAPSHOT",
    "entityType" : "Policies",
    "entityId" : "ssotoken_resource_policy",
    "pathParams" : { }
  },
  "data" : {
    "_id" : "ssotoken_resource_policy",
    "name" : "ssotoken_resource_policy",
    "active" : true,
    "description" : "",
    "resources" : [ "http://scopes.example.com:*/*" ],
    "applicationName" : "resource_policies",
    "actionValues" : {
      "GET" : true
    },
    "subject" : {
      "type" : "AuthenticatedUsers"
    },
    "resourceTypeUuid" : "76656a38-5f8e-401b-83aa-4ccb74ce88d2",
    "resourceAttributes" : [ {
      "type" : "Static",
      "propertyName" : "aud",
      "propertyValues" : [ "images" ]
    }, {
      "type" : "User",
      "propertyName" : "uid",
      "propertyValues" : [ ]
    }, {
      "type" : "Static",
      "propertyName" : "scp",
      "propertyValues" : [ "read", "write" ]
    }, {
      "type" : "User",
      "propertyName" : "cn",
      "propertyValues" : [ ]
    } ],
    "lastModifiedBy" : "id=amadmin,ou=user,dc=openam,dc=forgerock,dc=org",
    "lastModifiedDate" : "2018-04-13T18:52:45.585Z",
    "createdBy" : "id=amadmin,ou=user,dc=openam,dc=forgerock,dc=org",
    "creationDate" : "2018-04-13T18:28:14.280Z"
  }
}