{
  "metadata" : {
    "realm" : "/",
    "amsterVersion" : "6.0.0-SNAPSHOT",
    "entityType" : "Policies",
    "entityId" : "TestPush",
    "pathParams" : { }
  },
  "data" : {
    "_id" : "TestPush",
    "name" : "TestPush",
    "active" : true,
    "description" : "",
    "resources" : [ "http://example.com:80/index.html" ],
    "applicationName" : "PushAuthzN",
    "actionValues" : {
      "POST" : true,
      "GET" : true
    },
    "subject" : {
      "type" : "AuthenticatedUsers"
    },
    "condition" : {
      "type" : "Transaction",
      "authenticationStrategy" : "AuthenticateToServiceConditionAdvice",
      "strategySpecifier" : "ldapService"
    },
    "resourceTypeUuid" : "76656a38-5f8e-401b-83aa-4ccb74ce88d2",
    "lastModifiedBy" : "id=amadmin,ou=user,dc=openam,dc=forgerock,dc=org",
    "lastModifiedDate" : "2017-09-19T04:05:49.19Z",
    "createdBy" : "id=amadmin,ou=user,dc=openam,dc=forgerock,dc=org",
    "creationDate" : "2017-09-18T09:43:10.343Z"
  }
}