{
  "metadata" : {
    "realm" : "/",
    "amsterVersion" : "6.0.0-SNAPSHOT",
    "entityType" : "SocialAuthOAuth2Module",
    "entityId" : "FacebookSocialAuthentication",
    "pathParams" : { }
  },
  "data" : {
    "_id" : "FacebookSocialAuthentication",
    "core" : {
      "usesBasicAuth" : false,
      "scopeDelimiter" : null,
      "subjectProperty" : "id",
      "tokenEndpoint" : "https://graph.facebook.com/oauth/access_token",
      "logoutBehaviour" : "prompt",
      "provider" : "facebook",
      "ssoProxyUrl" : "http://localhost:8080/openam/oauth2c/OAuthProxy.jsp",
      "scope" : [ "public_profile", "email" ],
      "clientSecret" : null,
      "userInfoEndpoint" : "https://graph.facebook.com/v2.4/me?fields=email,first_name,last_name,name",
      "clientId" : "fb-client",
      "issuerName" : null,
      "logoutServiceUrl" : null,
      "authenticationLevel" : 0,
      "authorizeEndpoint" : "https://www.facebook.com/dialog/oauth",
      "mixUpMitigation" : false
    },
    "emailSettings" : {
      "smtpFromAddress" : null,
      "emailGateway" : "org.forgerock.openam.authentication.modules.oauth2.DefaultEmailGatewayImpl",
      "smtpSslEnabled" : null,
      "smtpPort" : "25",
      "smtpPassword" : null,
      "smtpUsername" : null,
      "smtpHost" : "localhost",
      "emailAttribute" : null
    },
    "accountProvisioning" : {
      "accountProviderClass" : "org.forgerock.openam.authentication.modules.common.mapping.DefaultAccountProvider",
      "attributeMappingClasses" : [ "org.forgerock.openam.authentication.modules.common.mapping.JsonAttributeMapper|iplanet-am-user-alias-list|facebook-" ],
      "accountMapperConfiguration" : [ "id=iplanet-am-user-alias-list" ],
      "mapToAnonymousUser" : false,
      "attributeMapperConfiguration" : [ "first_name=givenName", "id=uid", "name=cn", "last_name=sn", "email=mail" ],
      "createAccount" : false,
      "enableRegistrationService" : false,
      "accountMapperClass" : "org.forgerock.openam.authentication.modules.common.mapping.JsonAttributeMapper|*|facebook-",
      "promptPasswordFlag" : false,
      "anonymousUserName" : "anonymous",
      "saveAttributesInSession" : true
    },
    "_type" : {
      "_id" : "authSocialOAuth2",
      "name" : "Social Auth OAuth2",
      "collection" : true
    }
  }
}