{
  "metadata" : {
    "realm" : "/",
    "amsterVersion" : "6.0.0-SNAPSHOT",
    "entityType" : "OAuth2Clients",
    "entityId" : "introspect_svc",
    "pathParams" : { }
  },
  "data" : {
    "_id" : "introspect_svc",
    "signEncOAuth2ClientConfig" : {
      "idTokenEncryptionMethod" : "A128CBC-HS256",
      "jwkSet" : null,
      "idTokenEncryptionAlgorithm" : "RSA1_5",
      "userinfoResponseFormat" : "JSON",
      "jwksCacheTimeout" : 3600000,
      "userinfoSignedResponseAlg" : null,
      "requestParameterEncryptedAlg" : null,
      "tokenEndpointAuthSigningAlgorithm" : "RS256",
      "idTokenEncryptionEnabled" : false,
      "userinfoEncryptedResponseEncryptionAlgorithm" : "A128CBC-HS256",
      "publicKeyLocation" : "jwks_uri",
      "requestParameterEncryptedEncryptionAlgorithm" : "A128CBC-HS256",
      "jwkStoreCacheMissCacheTime" : 60000,
      "idTokenSignedResponseAlg" : "RS256",
      "idTokenPublicEncryptionKey" : null,
      "userinfoEncryptedResponseAlg" : null,
      "jwksUri" : "http://localhost:8080/openam/oauth2/connect/jwk_uri",
      "requestParameterSignedAlg" : null,
      "clientJwtPublicKey" : null
    },
    "advancedOAuth2ClientConfig" : {
      "updateAccessToken" : null,
      "requestUris" : [ ],
      "mixUpMitigation" : false,
      "tokenEndpointAuthMethod" : "client_secret_basic",
      "sectorIdentifierUri" : null,
      "isConsentImplied" : false,
      "contacts" : [ ],
      "responseTypes" : [ "code", "token", "id_token", "code token", "token id_token", "code id_token", "code token id_token", "device_code", "device_code id_token" ],
      "descriptions" : [ ],
      "subjectType" : "Public",
      "name" : [ ]
    },
    "coreOpenIDClientConfig" : {
      "jwtTokenLifetime" : 0,
      "clientSessionUri" : null,
      "postLogoutRedirectUri" : [ ],
      "defaultMaxAge" : 600,
      "claims" : [ ],
      "defaultMaxAgeEnabled" : false
    },
    "coreOAuth2ClientConfig" : {
      "userpassword" : null,
      "authorizationCodeLifetime" : 0,
      "accessTokenLifetime" : 0,
      "defaultScopes" : [ ],
      "clientName" : [ ],
      "clientType" : "Confidential",
      "scopes" : [ "am-introspect-all-tokens" ],
      "agentgroup" : null,
      "refreshTokenLifetime" : 0,
      "redirectionUris" : [ ],
      "status" : "Active"
    },
    "coreUmaClientConfig" : {
      "claimsRedirectionUris" : [ ]
    },
    "_type" : {
      "_id" : "OAuth2Client",
      "name" : "OAuth2 Clients",
      "collection" : true
    }
  }
}