{
  "metadata" : {
    "realm" : null,
    "amsterVersion" : "6.0.0-SNAPSHOT",
    "entityType" : "AnonymousModule",
    "entityId" : "AnonymousModule",
    "pathParams" : { }
  },
  "data" : {
    "_id" : "",
    "defaults" : {
      "validAnonymousUsers" : [ ],
      "authenticationLevel" : 0,
      "caseSensitiveUsernameMatchingEnabled" : false,
      "defaultAnonymousUsername" : "anonymous"
    },
    "_type" : {
      "_id" : "anonymous",
      "name" : "Anonymous",
      "collection" : false
    }
  }
}