{
  "metadata" : {
    "realm" : null,
    "amsterVersion" : "6.0.0-SNAPSHOT",
    "entityType" : "AuthenticatorPush",
    "entityId" : "AuthenticatorPush",
    "pathParams" : { }
  },
  "data" : {
    "_id" : "",
    "defaults" : {
      "authenticatorPushDeviceSettingsEncryptionKeystoreKeyPairAlias" : null,
      "authenticatorPushDeviceSettingsEncryptionKeystore" : "/Users/javedshah/openam145/openam/keystore.jks",
      "authenticatorPushDeviceSettingsEncryptionKeystorePassword" : null,
      "authenticatorPushDeviceSettingsEncryptionKeystorePrivateKeyPassword" : null,
      "pushAttrName" : "pushDeviceProfiles",
      "authenticatorPushDeviceSettingsEncryptionKeystoreType" : "JKS",
      "authenticatorPushSkippableName" : "oath2faEnabled",
      "authenticatorPushDeviceSettingsEncryptionScheme" : "NONE"
    },
    "_type" : {
      "_id" : "authenticatorPushService",
      "name" : "ForgeRock Authenticator (Push) Service",
      "collection" : false
    }
  }
}