{
  "metadata" : {
    "realm" : null,
    "amsterVersion" : "6.0.0-SNAPSHOT",
    "entityType" : "authEdgeAuthentication",
    "entityId" : "authEdgeAuthentication",
    "pathParams" : { }
  },
  "data" : {
    "_id" : "",
    "defaults" : {
      "subjectJwkSetAttr" : null,
      "challengeSigningKey" : null,
      "authenticationLevel" : 0
    },
    "_type" : {
      "_id" : "authEdgeAuthentication",
      "name" : "iPlanetAMAuthEdgeAuthenticationService",
      "collection" : false
    }
  }
}