{
  "metadata" : {
    "realm" : null,
    "amsterVersion" : "6.0.0-SNAPSHOT",
    "entityType" : "IDMProvisioning",
    "entityId" : "IDMProvisioning",
    "pathParams" : { }
  },
  "data" : {
    "_id" : "",
    "defaults" : {
      "provisioningEncryptionKeyAlias" : "selfservice",
      "provisioningEncryptionAlgorithm" : "RSAES_PKCS1_V1_5",
      "provisioningEncryptionMethod" : "A128CBC_HS256",
      "provisioningSigningKeyAlias" : "openidm-selfservice-key",
      "idmDeploymentUrl" : null,
      "enabled" : false,
      "provisioningSigningAlgorithm" : "HS256"
    },
    "_type" : {
      "_id" : "idm-integration",
      "name" : "IDM Provisioning",
      "collection" : false
    }
  }
}