{
  "metadata" : {
    "realm" : null,
    "amsterVersion" : "6.0.0-SNAPSHOT",
    "entityType" : "LdapModule",
    "entityId" : "LdapModule",
    "pathParams" : { }
  },
  "data" : {
    "_id" : "",
    "defaults" : {
      "userSearchFilter" : null,
      "authenticationLevel" : 0,
      "userBindPassword" : null,
      "searchScope" : "SUBTREE",
      "returnUserDN" : true,
      "profileAttributeMappings" : [ ],
      "userBindDN" : "cn=Directory Manager",
      "userSearchAttributes" : [ "uid" ],
      "connectionHeartbeatTimeUnit" : "SECONDS",
      "beheraPasswordPolicySupportEnabled" : true,
      "userProfileRetrievalAttribute" : "uid",
      "minimumPasswordLength" : "8",
      "primaryLdapServer" : [ "localhost:1389" ],
      "openam-auth-ldap-connection-mode" : "LDAP",
      "connectionHeartbeatInterval" : 10,
      "secondaryLdapServer" : [ ],
      "userSearchStartDN" : [ "dc=forgerock,dc=org" ],
      "trustAllServerCertificates" : false,
      "operationTimeout" : 0
    },
    "_type" : {
      "_id" : "ldap",
      "name" : "LDAP",
      "collection" : false
    }
  }
}