{
  "metadata" : {
    "realm" : null,
    "amsterVersion" : "6.0.0-SNAPSHOT",
    "entityType" : "PersistentCookieModule",
    "entityId" : "PersistentCookieModule",
    "pathParams" : { }
  },
  "data" : {
    "_id" : "",
    "defaults" : {
      "idleTimeout" : 5,
      "maxLife" : 5,
      "useSecureCookie" : true,
      "enforceClientIP" : false,
      "useHttpOnlyCookie" : true,
      "cookieName" : "session-jwt",
      "hmacKey" : null
    },
    "_type" : {
      "_id" : "persistentcookie",
      "name" : "Persistent Cookie",
      "collection" : false
    }
  }
}