{
  "metadata" : {
    "realm" : null,
    "amsterVersion" : "6.0.0-SNAPSHOT",
    "entityType" : "RadiusModule",
    "entityId" : "RadiusModule",
    "pathParams" : { }
  },
  "data" : {
    "_id" : "",
    "defaults" : {
      "primaryRadiusServers" : [ "127.0.0.1" ],
      "authenticationLevel" : 0,
      "sharedSecret" : null,
      "secondaryRadiusServers" : [ "127.0.0.1" ],
      "serverPortNumber" : 1645,
      "serverTimeout" : 3,
      "healthCheckInterval" : 5
    },
    "_type" : {
      "_id" : "radius",
      "name" : "RADIUS",
      "collection" : false
    }
  }
}