{
  "metadata" : {
    "realm" : null,
    "amsterVersion" : "6.0.0-SNAPSHOT",
    "entityType" : "RemoteConsentService",
    "entityId" : "RemoteConsentService",
    "pathParams" : { }
  },
  "data" : {
    "_id" : "",
    "defaults" : {
      "clientId" : null,
      "jwksUriAS" : null,
      "signingKeyAlias" : null,
      "jwkStoreCacheTimeout" : 60,
      "encryptionKeyAlias" : null,
      "jwkStoreCacheMissCacheTime" : 1,
      "consentResponseTimeLimit" : 2
    },
    "_type" : {
      "_id" : "RemoteConsentService",
      "name" : "Remote Consent Service",
      "collection" : false
    }
  }
}