{
  "metadata" : {
    "realm" : null,
    "amsterVersion" : "6.0.0-SNAPSHOT",
    "entityType" : "IdRepositoryUser",
    "entityId" : "dsameuser",
    "pathParams" : { }
  },
  "data" : {
    "_id" : "dsameuser",
    "sunIdentityMSISDNNumber" : null,
    "userPassword" : null,
    "telephoneNumber" : null,
    "iplanet-am-user-alias-list" : null,
    "mail" : null,
    "givenName" : null,
    "roles" : [ ],
    "dn" : "cn=dsameuser,ou=DSAME Users,",
    "cn" : null,
    "employeeNumber" : null,
    "postalAddress" : null,
    "iplanet-am-user-success-url" : null,
    "inetUserStatus" : "Active",
    "sn" : null,
    "iplanet-am-user-failure-url" : null,
    "_type" : {
      "_id" : "user",
      "name" : "User",
      "collection" : true
    }
  }
}