{
  "metadata" : {
    "realm" : null,
    "amsterVersion" : "6.0.0-SNAPSHOT",
    "entityType" : "AdvancedProperties",
    "entityId" : "http://localhost:8080/openam",
    "pathParams" : {
      "serverName" : "http://localhost:8080/openam"
    }
  },
  "data" : {
    "_id" : "01/properties/advanced",
    "com.sun.identity.urlconnection.useCache" : false,
    "monitoring.reporters.graphite.metric.prefix" : "demo.am1",
    "com.iplanet.am.service.secret" : "@ENCLDAPUSERPASSWD@",
    "com.iplanet.am.serverMode" : true,
    "bootstrap.file" : "/Users/javedshah/.openamcfg/AMConfig_Users_javedshah_tomcat-8.0.44_webapps_openam_",
    "com.sun.embedded.sync.servers" : "on",
    "com.sun.embedded.replicationport" : "",
    "org.forgerock.embedded.dsadminport" : "5444",
    "com.iplanet.security.SSLSocketFactoryImpl" : "com.sun.identity.shared.ldap.factory.JSSESocketFactory",
    "com.sun.identity.sm.sms_object_class_name" : "com.sun.identity.sm.ldap.SMSEmbeddedLdapObject",
    "com.sun.identity.common.systemtimerpool.size" : "3",
    "com.iplanet.am.lbcookie.value" : "01",
    "opensso.protocol.handler.pkgs" : ""
  }
}