{
  "metadata" : {
    "realm" : "/",
    "amsterVersion" : "6.0.0-SNAPSHOT",
    "entityType" : "OAuth2Provider",
    "entityId" : "OAuth2Provider",
    "pathParams" : { }
  },
  "data" : {
    "_id" : "",
    "coreOAuth2Config" : {
      "refreshTokenLifetime" : 604800,
      "accessTokenLifetime" : 3600,
      "usePolicyEngineForScope" : true,
      "codeLifetime" : 120,
      "issueRefreshTokenOnRefreshedToken" : false,
      "issueRefreshToken" : false,
      "statelessTokensEnabled" : true
    },
    "advancedOAuth2Config" : {
      "customLoginUrlTemplate" : null,
      "supportedScopes" : [ ],
      "tokenEncryptionKeyAlias" : "directenctest",
      "codeVerifierEnforced" : false,
      "tokenSigningHmacSharedSecret" : null,
      "tokenSigningAlgorithm" : "RS256",
      "authenticationAttributes" : [ "uid" ],
      "defaultScopes" : [ ],
      "scopeImplementationClass" : "org.forgerock.openam.oauth2.OpenAMScopeValidator",
      "modifiedTimestampAttribute" : null,
      "responseTypeClasses" : [ "code|org.forgerock.oauth2.core.AuthorizationCodeResponseTypeHandler", "device_code|org.forgerock.oauth2.core.TokenResponseTypeHandler", "token|org.forgerock.oauth2.core.TokenResponseTypeHandler" ],
      "tokenSigningECDSAKeyAlias" : [ "ES512|es512test", "ES384|es384test", "ES256|es256test" ],
      "hashSalt" : null,
      "moduleMessageEnabledInPasswordGrant" : false,
      "tokenEncryptionEnabled" : false,
      "tokenCompressionEnabled" : false,
      "createdTimestampAttribute" : null,
      "displayNameAttribute" : "cn",
      "keypairName" : "newkey",
      "supportedSubjectTypes" : [ "public" ]
    },
    "coreOIDCConfig" : {
      "supportedIDTokenEncryptionMethods" : [ "A256GCM", "A192GCM", "A128GCM", "A128CBC-HS256", "A192CBC-HS384", "A256CBC-HS512" ],
      "jwtTokenLifetime" : 3600,
      "supportedClaims" : [ "zoneinfo", "address", "name", "phone_number", "given_name", "locale", "family_name", "email" ],
      "supportedIDTokenEncryptionAlgorithms" : [ "RSA-OAEP", "RSA-OAEP-256", "A128KW", "A256KW", "RSA1_5", "dir", "A192KW" ],
      "supportedIDTokenSigningAlgorithms" : [ "ES384", "HS256", "HS512", "ES256", "RS256", "HS384", "ES512" ],
      "oidcClaimsScript" : "a3d904ae-ad46-4485-b2b9-fe8fa84d6f01",
      "tokenEncryptionSigningKeyAlias" : [ "RSA1_5|test", "RSA-OAEP|test", "RSA-OAEP-256|test" ]
    },
    "advancedOIDCConfig" : {
      "storeOpsTokens" : true,
      "defaultACR" : [ ],
      "supportedRequestParameterEncryptionEnc" : [ "A256GCM", "A192GCM", "A128GCM", "A128CBC-HS256", "A192CBC-HS384", "A256CBC-HS512" ],
      "claimsParameterSupported" : false,
      "amrMappings" : { },
      "requireRequestUriRegistration" : false,
      "alwaysAddClaimsToToken" : true,
      "supportedRequestParameterEncryptionAlgorithms" : [ "RSA-OAEP", "RSA-OAEP-256", "A128KW", "RSA1_5", "A256KW", "dir", "A192KW" ],
      "authorisedOpenIdConnectSSOClients" : [ "myuserclient1" ],
      "idTokenInfoClientAuthenticationEnabled" : true,
      "supportedRequestParameterSigningAlgorithms" : [ "ES384", "HS256", "HS512", "ES256", "RS256", "HS384", "ES512" ],
      "loaMapping" : { },
      "jkwsURI" : null
    },
    "clientDynamicRegistrationConfig" : {
      "dynamicClientRegistrationSoftwareStatementRequired" : false,
      "dynamicClientRegistrationScope" : "dynamic_client_registration",
      "requiredSoftwareStatementAttestedAttributes" : [ "redirect_uris" ],
      "generateRegistrationAccessTokens" : true,
      "allowDynamicRegistration" : false
    },
    "consent" : {
      "enableRemoteConsent" : false,
      "supportedRcsRequestSigningAlgorithms" : [ "ES384", "HS256", "HS512", "ES256", "RS256", "HS384", "ES512" ],
      "supportedRcsResponseSigningAlgorithms" : [ "ES384", "HS256", "HS512", "ES256", "RS256", "HS384", "ES512" ],
      "clientsCanSkipConsent" : true,
      "supportedRcsRequestEncryptionAlgorithms" : [ "RSA-OAEP", "RSA-OAEP-256", "A128KW", "RSA1_5", "A256KW", "dir", "A192KW" ],
      "supportedRcsResponseEncryptionMethods" : [ "A256GCM", "A192GCM", "A128GCM", "A128CBC-HS256", "A192CBC-HS384", "A256CBC-HS512" ],
      "supportedRcsRequestEncryptionMethods" : [ "A256GCM", "A192GCM", "A128GCM", "A128CBC-HS256", "A192CBC-HS384", "A256CBC-HS512" ],
      "remoteConsentServiceId" : null,
      "savedConsentAttribute" : "description",
      "supportedRcsResponseEncryptionAlgorithms" : [ "RSA-OAEP", "RSA-OAEP-256", "A128KW", "A256KW", "RSA1_5", "dir", "A192KW" ]
    },
    "deviceCodeConfig" : {
      "devicePollInterval" : 5,
      "completionUrl" : null,
      "deviceCodeLifetime" : 300,
      "verificationUrl" : null
    },
    "_type" : {
      "_id" : "oauth-oidc",
      "name" : "OAuth2 Provider",
      "collection" : false
    }
  }
}