{
  "metadata" : {
    "realm" : "/",
    "amsterVersion" : "6.0.0-SNAPSHOT",
    "entityType" : "SocialAuthentication",
    "entityId" : "SocialAuthentication",
    "pathParams" : { }
  },
  "data" : {
    "_id" : "",
    "enabledKeys" : [ "Facebook" ],
    "displayNames" : {
      "Facebook" : "Facebook"
    },
    "icons" : {
      "Facebook" : "images/logos/facebook.png"
    },
    "authenticationChains" : {
      "Facebook" : "FacebookSocialAuthenticationService"
    },
    "_type" : {
      "_id" : "socialauthentication",
      "name" : "Social Authentication Implementations",
      "collection" : false
    }
  }
}