{
  "metadata" : {
    "realm" : null,
    "amsterVersion" : "6.0.0-SNAPSHOT",
    "entityType" : "ScriptingEngineConfiguration",
    "entityId" : "engineConfiguration",
    "pathParams" : {
      "contexts" : "POLICY_CONDITION"
    }
  },
  "data" : {
    "_id" : "engineConfiguration",
    "queueSize" : 10,
    "useSecurityManager" : true,
    "idleTimeout" : 60,
    "blackList" : [ "java.lang.Class", "java.security.AccessController", "java.lang.reflect.*" ],
    "coreThreads" : 10,
    "whiteList" : [ "java.lang.Float", "org.forgerock.http.protocol.Header", "java.lang.Integer", "org.forgerock.http.Client", "java.lang.Character$UnicodeBlock", "java.lang.Character", "java.lang.Long", "java.lang.Short", "org.forgerock.http.client.*", "java.lang.Math", "java.lang.Byte", "java.lang.StrictMath", "org.forgerock.util.promise.PromiseImpl", "org.forgerock.json.jose.utils.Utils", "org.forgerock.http.Context", "java.lang.Void", "groovy.json.JsonSlurper", "org.forgerock.http.protocol.Request", "org.forgerock.http.protocol.Entity", "org.forgerock.http.context.RootContext", "org.forgerock.http.protocol.RequestCookies", "org.forgerock.http.protocol.Responses", "org.forgerock.util.promise.Promise", "java.util.HashMap$KeyIterator", "com.sun.identity.shared.debug.Debug", "java.lang.Double", "org.forgerock.openam.scripting.api.http.JavaScriptHttpClient", "org.forgerock.http.protocol.Headers", "org.forgerock.http.protocol.Status", "java.util.HashMap", "java.lang.Character$Subset", "java.util.TreeSet", "java.util.ArrayList", "java.util.LinkedHashMap", "java.util.HashSet", "org.forgerock.http.protocol.ResponseException", "org.forgerock.http.protocol.Message", "java.lang.Boolean", "java.lang.String", "java.util.LinkedList", "java.lang.Number", "java.util.LinkedHashSet", "org.forgerock.http.protocol.Response", "org.forgerock.json.jose.jwt.JwtClaimsSet", "org.forgerock.util.promise.NeverThrowsException", "org.forgerock.openam.scripting.api.http.GroovyHttpClient", "java.util.TreeMap", "java.util.Collections$EmptyList", "org.forgerock.openam.scripting.api.ScriptedSession", "org.forgerock.openam.scripting.api.ScriptedIdentity", "org.forgerock.http.Handler", "java.lang.Object", "org.forgerock.http.protocol.Form" ],
    "maxThreads" : 50,
    "serverTimeout" : 0,
    "_type" : {
      "_id" : "engineConfiguration",
      "name" : "Scripting engine configuration",
      "collection" : false
    }
  }
}