{
  "metadata" : {
    "realm" : "/",
    "amsterVersion" : "6.0.0-SNAPSHOT",
    "entityType" : "OathModule",
    "entityId" : "OATH",
    "pathParams" : { }
  },
  "data" : {
    "_id" : "OATH",
    "stepsInWindow" : 2,
    "forgerock-oath-sharedsecret-implementation-class" : "org.forgerock.openam.authentication.modules.oath.plugins.DefaultSharedSecretProvider",
    "hotpWindowSize" : 100,
    "passwordLength" : "6",
    "forgerock-oath-maximum-clock-drift" : 0,
    "authenticationLevel" : 0,
    "secretKeyAttribute" : "",
    "hotpCounterAttribute" : "",
    "timeStepSize" : 30,
    "minimumSecretKeyLength" : "32",
    "lastLoginTimeAttribute" : "",
    "forgerock-oath-observed-clock-drift-attribute-name" : "",
    "oathOtpMaxRetry" : 3,
    "oathAlgorithm" : "HOTP",
    "addChecksum" : "False",
    "truncationOffset" : -1,
    "_type" : {
      "_id" : "oath",
      "name" : "OATH",
      "collection" : true
    }
  }
}