{
  "metadata" : {
    "realm" : "/",
    "amsterVersion" : "6.0.0-SNAPSHOT",
    "entityType" : "ResourceTypes",
    "entityId" : "735e788d-1e0b-43ac-8245-e6d3a52bb9a7",
    "pathParams" : { }
  },
  "data" : {
    "_id" : "735e788d-1e0b-43ac-8245-e6d3a52bb9a7",
    "uuid" : "735e788d-1e0b-43ac-8245-e6d3a52bb9a7",
    "name" : "OAuth2",
    "description" : "",
    "patterns" : [ "*://*:*/*/authorize?*" ],
    "actions" : {
      "POST" : true,
      "GET" : true
    },
    "createdBy" : "id=dsameuser,ou=user,dc=openam,dc=forgerock,dc=org",
    "creationDate" : 1505162741826,
    "lastModifiedBy" : "id=dsameuser,ou=user,dc=openam,dc=forgerock,dc=org",
    "lastModifiedDate" : 1505162741826
  }
}