{
  "metadata" : {
    "realm" : "/",
    "amsterVersion" : "6.0.0-SNAPSHOT",
    "entityType" : "Applications",
    "entityId" : "resource_policies",
    "pathParams" : { }
  },
  "data" : {
    "_id" : "resource_policies",
    "name" : "resource_policies",
    "displayName" : "Microservices Policies",
    "resourceTypeUuids" : [ "76656a38-5f8e-401b-83aa-4ccb74ce88d2" ],
    "attributeNames" : [ ],
    "conditions" : [ "LEAuthLevel", "Policy", "Script", "AuthenticateToService", "SimpleTime", "AMIdentityMembership", "OR", "IPv6", "IPv4", "SessionProperty", "AuthScheme", "AuthLevel", "NOT", "Transaction", "AuthenticateToRealm", "AND", "ResourceEnvIP", "LDAPFilter", "OAuth2Scope", "Session" ],
    "description" : null,
    "createdBy" : "id=amadmin,ou=user,dc=openam,dc=forgerock,dc=org",
    "resourceComparator" : null,
    "creationDate" : 1505325685830,
    "lastModifiedBy" : "id=amadmin,ou=user,dc=openam,dc=forgerock,dc=org",
    "lastModifiedDate" : 1505325685830,
    "entitlementCombiner" : "DenyOverride",
    "applicationType" : "iPlanetAMWebAgentService",
    "subjects" : [ "Policy", "NOT", "OR", "JwtClaim", "AuthenticatedUsers", "AND", "Identity", "NONE" ],
    "saveIndex" : null,
    "searchIndex" : null,
    "editable" : true
  }
}