{
  "metadata" : {
    "realm" : "/",
    "amsterVersion" : "6.0.0-SNAPSHOT",
    "entityType" : "Applications",
    "entityId" : "sunAMDelegationService",
    "pathParams" : { }
  },
  "data" : {
    "_id" : "sunAMDelegationService",
    "name" : "sunAMDelegationService",
    "displayName" : "Delegation Policy Set",
    "resourceTypeUuids" : [ "20a13582-1f32-4f83-905f-f71ff4e2e00d" ],
    "attributeNames" : [ ],
    "conditions" : [ ],
    "description" : null,
    "createdBy" : "id=dsameuser,ou=user,dc=openam,dc=forgerock,dc=org",
    "resourceComparator" : null,
    "creationDate" : 1504626303577,
    "lastModifiedBy" : "id=dsameuser,ou=user,dc=openam,dc=forgerock,dc=org",
    "lastModifiedDate" : 1504626303577,
    "entitlementCombiner" : "DenyOverride",
    "applicationType" : "sunAMDelegationService",
    "subjects" : [ "NOT", "OR", "AuthenticatedUsers", "AND", "Identity" ],
    "saveIndex" : null,
    "searchIndex" : null,
    "editable" : true
  }
}